-- WARNING: This schema is for context only and is not meant to be run.
-- Table order and constraints may not be valid for execution.

CREATE TABLE public.brands (
  id bigint GENERATED ALWAYS AS IDENTITY NOT NULL,
  name character varying NOT NULL,
  display_name character varying NOT NULL,
  created_at timestamp with time zone NOT NULL DEFAULT now(),
  CONSTRAINT brands_pkey PRIMARY KEY (id)
);
CREATE TABLE public.carts (
  id bigint GENERATED ALWAYS AS IDENTITY NOT NULL,
  product_id bigint NOT NULL,
  user_id bigint NOT NULL,
  capacity bigint NOT NULL DEFAULT '1'::bigint,
  created_at timestamp with time zone NOT NULL DEFAULT now(),
  CONSTRAINT carts_pkey PRIMARY KEY (id),
  CONSTRAINT orders_product_id_fkey FOREIGN KEY (product_id) REFERENCES public.products(id),
  CONSTRAINT orders_user_id_fkey FOREIGN KEY (user_id) REFERENCES public.users(id)
);
CREATE TABLE public.categories (
  id bigint GENERATED ALWAYS AS IDENTITY NOT NULL,
  created_at timestamp with time zone NOT NULL DEFAULT now(),
  name character varying NOT NULL,
  display_name character varying NOT NULL,
  type character varying NOT NULL,
  CONSTRAINT categories_pkey PRIMARY KEY (id)
);
CREATE TABLE public.colors (
  id bigint GENERATED ALWAYS AS IDENTITY NOT NULL,
  name character varying NOT NULL,
  created_at timestamp with time zone NOT NULL DEFAULT now(),
  CONSTRAINT colors_pkey PRIMARY KEY (id)
);
CREATE TABLE public.product_colors (
  id bigint GENERATED ALWAYS AS IDENTITY NOT NULL,
  created_at timestamp with time zone NOT NULL DEFAULT now(),
  product_id bigint,
  color_id bigint,
  CONSTRAINT product_colors_pkey PRIMARY KEY (id),
  CONSTRAINT product_colors_color_id_fkey FOREIGN KEY (color_id) REFERENCES public.colors(id),
  CONSTRAINT product_colors_product_id_fkey FOREIGN KEY (product_id) REFERENCES public.products(id)
);
CREATE TABLE public.product_sizes (
  id bigint GENERATED ALWAYS AS IDENTITY NOT NULL,
  product_id bigint NOT NULL,
  size_id bigint NOT NULL,
  created_at timestamp with time zone NOT NULL DEFAULT now(),
  CONSTRAINT product_sizes_pkey PRIMARY KEY (id),
  CONSTRAINT product_sizes_product_id_fkey FOREIGN KEY (product_id) REFERENCES public.products(id),
  CONSTRAINT product_sizes_size_id_fkey FOREIGN KEY (size_id) REFERENCES public.sizes(id)
);
CREATE TABLE public.product_subimages (
  id bigint GENERATED ALWAYS AS IDENTITY NOT NULL,
  product_id bigint NOT NULL,
  image_url character varying NOT NULL,
  created_at timestamp with time zone NOT NULL DEFAULT now(),
  CONSTRAINT product_subimages_pkey PRIMARY KEY (id),
  CONSTRAINT product_subimages_product_id_fkey FOREIGN KEY (product_id) REFERENCES public.products(id)
);
CREATE TABLE public.products (
  id bigint GENERATED ALWAYS AS IDENTITY NOT NULL,
  title character varying NOT NULL,
  description text NOT NULL,
  image_url character varying NOT NULL,
  price double precision NOT NULL,
  discount_percentage bigint NOT NULL DEFAULT '0'::bigint,
  category_id bigint NOT NULL,
  brand_id bigint NOT NULL,
  created_at timestamp with time zone NOT NULL DEFAULT now(),
  CONSTRAINT products_pkey PRIMARY KEY (id),
  CONSTRAINT products_brand_id_fkey FOREIGN KEY (brand_id) REFERENCES public.brands(id),
  CONSTRAINT products_category_id_fkey FOREIGN KEY (category_id) REFERENCES public.categories(id)
);
CREATE TABLE public.sizes (
  id bigint GENERATED ALWAYS AS IDENTITY NOT NULL,
  created_at timestamp with time zone NOT NULL DEFAULT now(),
  name character varying NOT NULL,
  CONSTRAINT sizes_pkey PRIMARY KEY (id)
);
CREATE TABLE public.users (
  id bigint GENERATED ALWAYS AS IDENTITY NOT NULL,
  name character varying NOT NULL,
  email character varying NOT NULL,
  hashed_password character varying,
  created_at timestamp with time zone NOT NULL DEFAULT now(),
  CONSTRAINT users_pkey PRIMARY KEY (id)
);
create table public.products (
  id bigint generated by default as identity not null,
  title character varying not null,
  description text not null,
  image_url character varying not null,
  price double precision not null,
  discount_percentage bigint not null default '0'::bigint,
  category_id bigint not null,
  brand_id bigint not null,
  created_at timestamp with time zone not null default now(),
  constraint products_pkey primary key (id),
  constraint products_brand_id_fkey foreign KEY (brand_id) references brands (id) on update CASCADE on delete RESTRICT,
  constraint products_category_id_fkey foreign KEY (category_id) references categories (id)
) TABLESPACE pg_default;

INSERT INTO "public"."brands" ("id", "name", "display_name", "created_at") VALUES ('1', 'adidas', 'Adidas', '2025-12-19 17:52:34.09703+00'), ('2', 'nike', 'Nike', '2025-12-19 17:52:45.420576+00'), ('3', 'carhartt', 'Carhartt WIP', '2025-12-19 17:54:29.345986+00'), ('4', 'asos', 'Asos', '2025-12-19 17:54:41.492766+00'), ('5', 'boss', 'Boss', '2025-12-19 17:57:41.772781+00');

INSERT INTO "public"."categories" ("id", "created_at", "name", "display_name", "type") VALUES ('1', '2025-12-19 17:28:31.404838+00', 'shirt', 'Shirts', 'men'), ('2', '2025-12-19 17:28:54.712324+00', 't_shirt', 'T-Shirts', 'men'), ('3', '2025-12-19 17:29:51.027628+00', 'dress', 'Dresses', 'women'), ('4', '2025-12-19 17:30:30.316619+00', 'hoodie', 'Hoodies', 'men'), ('5', '2025-12-19 17:31:48.722391+00', 'women_shirt', 'Women Shirts', 'women'), ('6', '2025-12-19 17:32:25.89496+00', 'women_t_shirt', 'Women T-Shirts', 'women');

INSERT INTO "public"."colors" ("id", "name", "created_at") VALUES ('1', 'black', '2025-12-19 17:32:47.40247+00'), ('2', 'white', '2025-12-19 17:33:03.477117+00'), ('3', 'blue', '2025-12-19 17:33:12.674675+00'), ('4', 'red', '2025-12-19 17:33:19.205943+00'), ('5', 'grey', '2025-12-19 17:33:32.277766+00'), ('6', 'green', '2025-12-19 18:16:49.14195+00');

INSERT INTO "public"."sizes" ("id", "created_at", "name") VALUES ('1', '2025-12-19 17:34:43.417674+00', 'sm'), ('2', '2025-12-19 17:34:49.410092+00', 'md'), ('3', '2025-12-19 17:34:57.229678+00', 'lg'), ('4', '2025-12-19 17:35:04.674022+00', 'xl');

INSERT INTO "public"."users" ("id", "name", "email", "hashed_password", "created_at") VALUES ('1', 'admin', 'admin@xshop.com', null, '2025-12-22 15:47:37.632664+00');

INSERT INTO "public"."products" ("id", "title", "description", "image_url", "price", "discount_percentage", "category_id", "brand_id", "created_at") VALUES ('1', 'BOSS Orange locky oversized fit overshirt in black', 'Shirts by BOSS Orange
Spread collar
Button placket
Long sleeves
Buttoned cuffs
Chest pockets
BOSS branding on sleeve
Oversized fit
Product Code: 148408374

Machine wash according to instructions on care label
Main: 100% Cotton.
BOSS Orange is the laid-back, easy-going side of HUGO BOSS. Fusing craft with signature design, BOSS Orange offers relaxed tailoring, graphic prints and intricate embroidery with its range of jersey, accessories and new knitwear.', 'https://images.asos-media.com/products/boss-orange-locky-oversized-fit-overshirt-in-black/208847336-1-black?$n_640w$&wid=513&fit=constrain', '139', '0', '1', '5', '2025-12-19 17:59:48.296706+00'), ('2', 'ASOS DESIGN regular fit smart poplin shirt in off white', 'Shirts by ASOS DESIGN
Spread collar
Button placket
Long sleeves
Buttoned cuffs
Curved hem
Regular fit
Product Code: 148999869

Machine wash according to instructions on care label
Main: 60% Cotton, 40% Polyester.
This is ASOS DESIGN – your go-to for all the latest trends, no matter who you are, where you’re from and what you’re up to. Exclusive to ASOS, our universal brand is here for you, and comes in Plus and Tall. Created by us, styled by you.', 'https://images.asos-media.com/products/asos-design-regular-fit-smart-poplin-shirt-in-off-white/208983512-3?$n_640w$&wid=513&fit=constrain', '20', '0', '1', '4', '2025-12-19 18:05:19.021714+00'), ('3', 'quick dry mesh long sleeve training t-shirt in black', 'T-Shirts & Vests by 4505
Crew neck
Long sleeves
Logo print to back
Regular fit
Product Code: 151780752

Machine wash according to instructions on care label
Sports mesh: lightweight and perforated
Uses quick-drying technology to help keep you cool and dry

Body: 85% Polyester, 15% Elastane.
Flex your own way in activewear from our resident sportswear brand 4505. From gym gear to fitness aids our edit is the place to be. Keep cool on leg day by scrolling sweat-wicking shorts and joggers – or give your upper body a boost with T-shirts and vests in a range of trend-led prints and workout-ready fabrics. Whatever you’re doing to keep fit, our 4505 edit is here to provide the kit.', 'https://images.asos-media.com/products/4505-icon-quick-dry-mesh-long-sleeve-training-t-shirt-in-black/209570732-1-black?$n_640w$&wid=513&fit=constrain', '16', '0', '2', '1', '2025-12-19 18:07:20.678333+00'), ('4', 'seamless rib slim fit henley t-shirt in white', 'T-Shirts & Vests by 4505
Seamless design helps reduce friction
Crew neck
Partial button placket
Short sleeves
Slim fit
Product Code: 153363623

Machine wash according to instructions on care label
Ribbed jersey: soft and stretchy knitted fabric

Body: 92% Polyamide, 8% Elastane.
Flex your own way in activewear from our resident sportswear brand 4505. From gym gear to fitness aids our edit is the place to be. Keep cool on leg day by scrolling sweat-wicking shorts and joggers – or give your upper body a boost with T-shirts and vests in a range of trend-led prints and workout-ready fabrics. Whatever you’re doing to keep fit, our 4505 edit is here to provide the kit.', 'https://images.asos-media.com/products/4505-seamless-rib-slim-fit-henley-t-shirt-in-white/209864446-1-white?$n_640w$&wid=513&fit=constrain', '22', '0', '2', '2', '2025-12-19 18:10:02.388461+00'), ('5', 'Nike Club sweatshirt in black', 'Hoodies & Sweatshirts by Nike
Crew neck
Long sleeves
Nike embroidery to chest
Regular fit
Product Code: 139764706

Machine wash according to instructions on care label
Sweatshirt fabric: soft and warm

Main: 100% Cotton.
Innovative sportswear? Check. Streetwear? Check. If it wasn’t *super* obvious yet, we’re talking about Nike. With the best-selling trainers in the game, scroll our Nike at ASOS edit to score everything from Air Force 1s and Air Max 90s to Blazers (now we’re cooking). Searching for techy T-shirts and joggers that’ll support your workout? Browse Nike Training, Nike Running and Nike Football for clothes and sports accessories – think: arm bands and fitness aids. If hoops are more your thing, look to Nike Basketball and rep your fave team in pieces that combine the vibe of basketball street style and the NBA.', 'https://images.asos-media.com/products/nike-club-sweatshirt-in-black/207492975-1-black?$n_640w$&wid=513&fit=constrain', '54.99', '0', '4', '2', '2025-12-19 18:12:05.540286+00'), ('6', 'Columbia Klamath Range II half zip fleece in green', 'Hoodies & Sweatshirts by Columbia
Branded design
High collar
Zip fastening
Long sleeves
Regular fit
Product Code: 143751503

Machine wash according to instructions on care label
Fleece: a jersey fabric with fuzzy surface and back

Main: 100% Textile.
With its roots in the Pacific Northwest, Columbia has been a go-to for your outdoors ‘drobe since the 30s. Kitting you out for hiking those mountains or trailing those rocky paths, the brand delivers a collection of all-weather essentials that can keep you both warm and *cool*. Take a peep at our Columbia at ASOS edit for cosy fleeces, high-tech windbreakers and quilted jackets. Are you ready for your next adventure?', 'https://images.asos-media.com/products/columbia-klamath-range-ii-half-zip-fleece-in-green/208338352-1-green?$n_640w$&wid=513&fit=constrain', '35', '0', '4', '3', '2025-12-19 18:14:08.975907+00');

INSERT INTO "public"."product_subimages" ("id", "product_id", "image_url", "created_at") VALUES ('1', '1', 'https://images.asos-media.com/products/boss-orange-locky-oversized-fit-overshirt-in-black/208847336-2?$n_320w$&wid=517&fit=constrain', '2025-12-19 18:02:57.240455+00'), ('2', '2', 'https://images.asos-media.com/products/asos-design-regular-fit-smart-poplin-shirt-in-off-white/208983512-6?$n_320w$&wid=517&fit=constrain', '2025-12-19 18:05:49.491721+00'), ('3', '3', 'https://images.asos-media.com/products/4505-icon-quick-dry-mesh-long-sleeve-training-t-shirt-in-black/209570732-2?$n_320w$&wid=517&fit=constrain', '2025-12-19 18:07:44.449336+00'), ('5', '4', 'https://images.asos-media.com/products/4505-seamless-rib-slim-fit-henley-t-shirt-in-white/209864446-3?$n_320w$&wid=517&fit=constrain', '2025-12-19 18:10:19.822832+00'), ('6', '5', 'https://images.asos-media.com/products/nike-club-sweatshirt-in-black/207492975-3?$n_320w$&wid=517&fit=constrain', '2025-12-19 18:12:34.42883+00'), ('7', '6', 'https://images.asos-media.com/products/columbia-klamath-range-ii-half-zip-fleece-in-green/208338352-3?$n_320w$&wid=517&fit=constrain', '2025-12-19 18:14:28.463792+00');

INSERT INTO "public"."product_colors" ("id", "created_at", "product_id", "color_id") VALUES ('1', '2025-12-19 18:15:29.722662+00', '1', '1'), ('2', '2025-12-19 18:15:47.362615+00', '2', '2'), ('3', '2025-12-19 18:16:02.026637+00', '3', '1'), ('4', '2025-12-19 18:16:19.483739+00', '4', '2'), ('5', '2025-12-19 18:16:34.102775+00', '5', '1'), ('6', '2025-12-19 18:17:05.636044+00', '5', '6');

INSERT INTO "public"."product_sizes" ("id", "product_id", "size_id", "created_at") VALUES ('2', '1', '3', '2025-12-19 18:54:38.306528+00'), ('3', '1', '2', '2025-12-19 18:54:47.161176+00'), ('4', '2', '2', '2025-12-19 18:54:55.158827+00'), ('5', '3', '3', '2025-12-19 18:55:01.891905+00'), ('6', '4', '1', '2025-12-19 18:55:14.318496+00'), ('7', '5', '4', '2025-12-19 18:55:22.442139+00'), ('8', '6', '2', '2025-12-19 18:55:31.274837+00');